[
  {
    "pk": 1,
    "model": "django_facebook.facebooklike",
    "fields": {
      "category": "Public figure",
      "created_time": "2014-10-22T17:24:35Z",
      "user_id": 4,
      "name": "John C. Maxwell",
      "facebook_id": 48357502953
    }
  },
  {
    "pk": 2,
    "model": "django_facebook.facebooklike",
    "fields": {
      "category": "Community organization",
      "created_time": "2014-07-12T11:44:47Z",
      "user_id": 4,
      "name": "Ubuntu",
      "facebook_id": 6723083591
    }
  },
  {
    "pk": 3,
    "model": "django_facebook.facebooklike",
    "fields": {
      "category": "Computers/technology",
      "created_time": "2014-11-26T18:12:24Z",
      "user_id": 4,
      "name": "automated-testing.info",
      "facebook_id": 203764582994225
    }
  },
  {
    "pk": 4,
    "model": "django_facebook.facebooklike",
    "fields": {
      "category": "Non-profit organization",
      "created_time": "2014-07-12T11:44:39Z",
      "user_id": 4,
      "name": "EuroPython",
      "facebook_id": 196457473701266
    }
  },
  {
    "pk": 5,
    "model": "django_facebook.facebooklike",
    "fields": {
      "category": "Computers/technology",
      "created_time": "2014-03-14T13:47:17Z",
      "user_id": 5,
      "name": "Facebook Engineering",
      "facebook_id": 9445547199
    }
  },
  {
    "pk": 6,
    "model": "django_facebook.facebooklike",
    "fields": {
      "category": "Education website",
      "created_time": "2014-06-24T15:29:36Z",
      "user_id": 5,
      "name": "Teaching English – British Council",
      "facebook_id": 117741954907367
    }
  },
  {
    "pk": 7,
    "model": "django_facebook.facebooklike",
    "fields": {
      "category": "Internet/software",
      "created_time": "2014-11-16T12:30:38Z",
      "user_id": 5,
      "name": "Kyiv Python User Group",
      "facebook_id": 223148177767148
    }
  },
  {
    "pk": 8,
    "model": "django_facebook.facebooklike",
    "fields": {
      "category": "Government organization",
      "created_time": "2014-03-14T13:47:49Z",
      "user_id": 2,
      "name": "NASA - National Aeronautics and Space Administration",
      "facebook_id": 54971236771
    }
  },
  {
    "pk": 9,
    "model": "django_facebook.facebooklike",
    "fields": {
      "category": "Doctor",
      "created_time": "2014-03-21T10:56:14Z",
      "user_id": 2,
      "name": "Доктор Комаровский",
      "facebook_id": 396667067069995
    }
  },
  {
    "pk": 10,
    "model": "django_facebook.facebooklike",
    "fields": {
      "category": "University",
      "created_time": "2014-06-24T15:29:34Z",
      "user_id": 2,
      "name": "University of Oxford",
      "facebook_id": 16686610106
    }
  },
  {
    "pk": 11,
    "model": "django_facebook.facebooklike",
    "fields": {
      "category": "Entrepreneur",
      "created_time": "2014-01-27T17:12:10Z",
      "user_id": 2,
      "name": "Слава Панкратов",
      "facebook_id": 209835749209275
    }
  },
  {
    "pk": 12,
    "model": "django_facebook.facebooklike",
    "fields": {
      "category": "Movie",
      "created_time": "2014-12-06T15:57:54Z",
      "user_id": 2,
      "name": "Men In Black",
      "facebook_id": 168169803229342
    }
  },
  {
    "pk": 13,
    "model": "django_facebook.facebooklike",
    "fields": {
      "category": "Non-profit organization",
      "created_time": "2014-07-12T11:44:49Z",
      "user_id": 2,
      "name": "The Linux Foundation",
      "facebook_id": 41911143546
    }
  },
  {
    "pk": 14,
    "model": "django_facebook.facebooklike",
    "fields": {
      "category": "Website",
      "created_time": "2014-03-14T13:47:33Z",
      "user_id": 2,
      "name": "Facebook Hacker Cup",
      "facebook_id": 133954286636768
    }
  },
  {
    "pk": 15,
    "model": "django_facebook.facebooklike",
    "fields": {
      "category": "Internet/software",
      "created_time": "2014-08-05T20:39:14Z",
      "user_id": 2,
      "name": "topcoder",
      "facebook_id": 237044886100
    }
  },
  {
    "pk": 16,
    "model": "django_facebook.facebooklike",
    "fields": {
      "category": "Website",
      "created_time": "2014-06-24T15:29:32Z",
      "user_id": 2,
      "name": "LearnEnglish – British Council",
      "facebook_id": 112763675418812
    }
  },
  {
    "pk": 17,
    "model": "django_facebook.facebooklike",
    "fields": {
      "category": "Product/service",
      "created_time": "2014-03-14T13:47:37Z",
      "user_id": 2,
      "name": "Facebook Developers",
      "facebook_id": 19292868552
    }
  },
  {
    "pk": 18,
    "model": "django_facebook.facebooklike",
    "fields": {
      "category": "Politician",
      "created_time": "2014-07-11T22:14:05Z",
      "user_id": 2,
      "name": "Петро Порошенко",
      "facebook_id": 474409562693441
    }
  },
  {
    "pk": 19,
    "model": "django_facebook.facebooklike",
    "fields": {
      "category": "Public figure",
      "created_time": "2014-10-22T07:14:12Z",
      "user_id": 2,
      "name": "Brian Tracy",
      "facebook_id": 36751618459
    }
  },
  {
    "pk": 20,
    "model": "django_facebook.facebooklike",
    "fields": {
      "category": "Website",
      "created_time": "2014-06-24T15:29:18Z",
      "user_id": 2,
      "name": "BBC Learning English",
      "facebook_id": 143048895744759
    }
  },
  {
    "pk": 21,
    "model": "django_facebook.facebooklike",
    "fields": {
      "category": "Community",
      "created_time": "2014-03-15T19:34:08Z",
      "user_id": 2,
      "name": "TestingCup",
      "facebook_id": 316026228528792
    }
  },
  {
    "pk": 22,
    "model": "django_facebook.facebooklike",
    "fields": {
      "category": "Education",
      "created_time": "2014-03-21T20:23:23Z",
      "user_id": 2,
      "name": "Toefl, gmat courses by Kevin",
      "facebook_id": 164263053634960
    }
  },
  {
    "pk": 23,
    "model": "django_facebook.facebooklike",
    "fields": {
      "category": "Internet/software",
      "created_time": "2014-11-19T19:33:22Z",
      "user_id": 2,
      "name": "toptal",
      "facebook_id": 141928212544793
    }
  },
  {
    "pk": 24,
    "model": "django_facebook.facebooklike",
    "fields": {
      "category": "Community organization",
      "created_time": "2014-07-12T11:44:52Z",
      "user_id": 2,
      "name": "GNOME",
      "facebook_id": 5758174322
    }
  },
  {
    "pk": 25,
    "model": "django_facebook.facebooklike",
    "fields": {
      "category": "Non-profit organization",
      "created_time": "2014-07-12T11:44:48Z",
      "user_id": 2,
      "name": "Debian",
      "facebook_id": 9801962186
    }
  },
  {
    "pk": 26,
    "model": "django_facebook.facebooklike",
    "fields": {
      "category": "Non-profit organization",
      "created_time": "2014-07-12T11:44:48Z",
      "user_id": 4,
      "name": "Facebook Developers",
      "facebook_id": 9801962123
    }
  },
  {
    "pk": 1,
    "model": "django_facebook.facebookcustomuser",
    "fields": {
      "last_name": "Kindred",
      "image": "",
      "is_staff": true,
      "about_me": null,
      "user_permissions": [],
      "date_joined": "2014-06-22T13:06:28.445Z",
      "first_name": "Kindred",
      "facebook_name": null,
      "is_superuser": true,
      "state": null,
      "date_of_birth": "1979-06-21",
      "last_login": "2014-06-22T14:47:26.904Z",
      "facebook_id": null,
      "new_token_required": false,
      "email": "a@a.ua",
      "website_url": null,
      "username": "kindred",
      "is_active": true,
      "facebook_profile_url": null,
      "groups": [],
      "password": "pbkdf2_sha256$12000$lCjnuuUVGPGC$o91dLhpSX2kc77pa/Giw1l6vi8CGuNz7mmKUei/irOk=",
      "access_token": null,
      "gender": null,
      "blog_url": null,
      "raw_data": null,
      "facebook_open_graph": null
    }
  },
  {
    "pk": 2,
    "model": "django_facebook.facebookcustomuser",
    "fields": {
      "last_name": "Soldatenko",
      "image": "images/facebook_profiles/2014/12/13/fb_image_784349768271537.jpg",
      "is_staff": false,
      "about_me": null,
      "user_permissions": [],
      "date_joined": "2014-12-13T12:13:28.343Z",
      "first_name": "Andrii",
      "facebook_name": "Andrii Soldatenko",
      "is_superuser": false,
      "state": null,
      "date_of_birth": "1989-05-20",
      "last_login": "2014-12-13T12:13:29.555Z",
      "facebook_id": 784349768271537,
      "new_token_required": false,
      "email": "soldatenko.andrey@gmail.com",
      "website_url": null,
      "username": "soldatenkoandrey",
      "is_active": true,
      "facebook_profile_url": "https://www.facebook.com/app_scoped_user_id/784349768271537/",
      "groups": [],
      "password": "pbkdf2_sha256$12000$zIHlcnaQRFeN$XAMOa34fuCERNUg0ul1KXDmqbnGkjYPRabriwWkl+yY=",
      "access_token": "CAAJBhTeiV3kBAH7uySDyFRhtuojph7N1iCNlBG1lHm5ZCvaMKsOFldkYEYcSI2lVOZCyZCG4OLRlZA9xccHH28hf1jrt77fU6o9JkSGYnSrAsiw5yeoJkf2FfUovZCa6CBlTnu8mUZACqUj0hXSXnKFcpzfmw11yZAXIC7XuMdnkhUhVJGGwpKOlZA3rXKk70U4ZD",
      "gender": "m",
      "blog_url": null,
      "raw_data": "{\"first_name\": \"Andrii\", \"last_name\": \"Soldatenko\", \"verified\": true, \"name\": \"Andrii Soldatenko\", \"locale\": \"en_US\", \"gender\": \"male\", \"image\": \"https://graph.facebook.com/me/picture?access_token=CAAJBhTeiV3kBAAe8JtnVIFqng0ekPfApJA26ftcwaoKLuSLWWs9AXOG596lN0a4bQrWoEl4uGjq16qn41bhio8IL39ozHZCraY2ZA0Yt98WEhLMCT59VQRnGzZANYadEfyDClNvWWbtFl3kUZA4RjszRmJ511mbdHqyobv3Msf3Yag4qzGbjJpMOZBdxDOz7Lyw0A5aTENKJwfsAsmxFA&type=large\", \"email\": \"soldatenko.andrey@gmail.com\", \"languages\": [{\"id\": \"106059522759137\", \"name\": \"English\"}, {\"id\": \"112624162082677\", \"name\": \"Russian\"}, {\"id\": \"115447225136484\", \"name\": \"\\u0423\\u043a\\u0440\\u0430\\u0457\\u043d\\u0441\\u044c\\u043a\\u0430\"}], \"birthday\": \"05/20/1989\", \"link\": \"https://www.facebook.com/app_scoped_user_id/784349768271537/\", \"image_thumb\": \"https://graph.facebook.com/me/picture?access_token=CAAJBhTeiV3kBAAe8JtnVIFqng0ekPfApJA26ftcwaoKLuSLWWs9AXOG596lN0a4bQrWoEl4uGjq16qn41bhio8IL39ozHZCraY2ZA0Yt98WEhLMCT59VQRnGzZANYadEfyDClNvWWbtFl3kUZA4RjszRmJ511mbdHqyobv3Msf3Yag4qzGbjJpMOZBdxDOz7Lyw0A5aTENKJwfsAsmxFA&type=large\", \"timezone\": 2, \"updated_time\": \"2014-09-02T20:19:21+0000\", \"interested_in\": [\"female\"], \"id\": \"784349768271537\"}",
      "facebook_open_graph": null
    }
  },
  {
    "pk": 3,
    "model": "django_facebook.facebookcustomuser",
    "fields": {
      "last_name": "Wongberg",
      "image": "images/facebook_profiles/2014/12/13/fb_image_242317672645527.jpg",
      "is_staff": false,
      "about_me": null,
      "user_permissions": [],
      "date_joined": "2014-12-13T12:16:02.430Z",
      "first_name": "Mike",
      "facebook_name": "Mike Wongberg",
      "is_superuser": false,
      "state": null,
      "date_of_birth": "1980-08-08",
      "last_login": "2014-12-13T12:16:03.330Z",
      "facebook_id": 242317672645527,
      "new_token_required": false,
      "email": "mike_hkssvmg_wongberg@tfbnw.net",
      "website_url": null,
      "username": "mike_hkssvmg_wongberg",
      "is_active": true,
      "facebook_profile_url": "https://www.facebook.com/app_scoped_user_id/242317672645527/",
      "groups": [],
      "password": "pbkdf2_sha256$12000$Lex3LjOc0HPG$RwTDTsYUwmPRcHwyIUm5HQQ/HTu2nbHS9s9HMwfQnc8=",
      "access_token": "CAAJBhTeiV3kBAHfAySBIdXqjbzpeg1ug8ZBqTLwZALPEzClgZB1u25GFF9O7aU7ELf43evFJ9Ftif1ByTRNq1Jd3W9s3L7irYfbrzHICCZAC9Su8HMc8ZBmPhsasK1I05uzfSbXFs1s6Ea8Au9VwWZBUFj8IWqMwGcFHrnZBJuquAmelHvSUA2u",
      "gender": "m",
      "blog_url": null,
      "raw_data": "{\"first_name\": \"Mike\", \"last_name\": \"Wongberg\", \"verified\": false, \"name\": \"Mike Wongberg\", \"locale\": \"en_US\", \"gender\": \"male\", \"image\": \"https://graph.facebook.com/me/picture?access_token=CAAJBhTeiV3kBADz8deloZBiLAVGAF0WuOPov4axWPRrYGv0vvmSjQ1D8mcInPXDWMKyNbOgTsFk9oxreJVPwI7rZA6u9JZCMDfoF3sBhCuny7pgKgQZAgM2dc2kWgDsMXuFdzZCgjBrZBcGL6snKh4IOqL3qa4Smu3N3lmFqrzqUPrZBND3VpZAdZChWlUSRgfr63dEFLSDpodBA5xzfBsLYw&type=large\", \"email\": \"mike_hkssvmg_wongberg@tfbnw.net\", \"birthday\": \"08/08/1980\", \"link\": \"https://www.facebook.com/app_scoped_user_id/242317672645527/\", \"image_thumb\": \"https://graph.facebook.com/me/picture?access_token=CAAJBhTeiV3kBADz8deloZBiLAVGAF0WuOPov4axWPRrYGv0vvmSjQ1D8mcInPXDWMKyNbOgTsFk9oxreJVPwI7rZA6u9JZCMDfoF3sBhCuny7pgKgQZAgM2dc2kWgDsMXuFdzZCgjBrZBcGL6snKh4IOqL3qa4Smu3N3lmFqrzqUPrZBND3VpZAdZChWlUSRgfr63dEFLSDpodBA5xzfBsLYw&type=large\", \"timezone\": 2, \"updated_time\": \"2014-09-01T19:18:06+0000\", \"id\": \"242317672645527\"}",
      "facebook_open_graph": null
    }
  },
  {
    "pk": 4,
    "model": "django_facebook.facebookcustomuser",
    "fields": {
      "last_name": "McDonaldberg",
      "image": "images/facebook_profiles/2014/12/13/fb_image_1446602085609512.jpg",
      "is_staff": false,
      "about_me": null,
      "user_permissions": [],
      "date_joined": "2014-12-13T12:16:30.443Z",
      "first_name": "Margaret",
      "facebook_name": "Margaret McDonaldberg",
      "is_superuser": false,
      "state": null,
      "date_of_birth": "1980-08-08",
      "last_login": "2014-12-13T12:16:31.128Z",
      "facebook_id": 1446602085609512,
      "new_token_required": false,
      "email": "margaret_ffbrskm_mcdonaldberg@tfbnw.net",
      "website_url": null,
      "username": "margaret_ffbrskm_mcdonaldberg",
      "is_active": true,
      "facebook_profile_url": "https://www.facebook.com/app_scoped_user_id/1446602085609512/",
      "groups": [],
      "password": "pbkdf2_sha256$12000$nvhiy4ZBPdJF$vl5sxpsybhtgoGskfmxY0RD2yP+Og8ZOUAPPnpjLB3M=",
      "access_token": "CAAJBhTeiV3kBAKOPIrkHAAi3DzcfAKSiSVHWeZB1eAA6KWZCp6TJscaZCRvrUiL12Xrfv1ZAiB7Y09LvIW1YvEwduGpcvuUfoezFwBCDxA8zbSlxN6BDEwZAbiKnZCuN4lSXAZCrWmUxoHhbgziTr7MdJ5yHxyZCFcMu0QFHAcZB9nCoAFzpcCPeI",
      "gender": "f",
      "blog_url": null,
      "raw_data": "{\"first_name\": \"Margaret\", \"last_name\": \"McDonaldberg\", \"verified\": false, \"name\": \"Margaret McDonaldberg\", \"locale\": \"en_US\", \"gender\": \"female\", \"image\": \"https://graph.facebook.com/me/picture?access_token=CAAJBhTeiV3kBAFdD9hq9RFseQ9cbZBy8eXwfplxTsFgYAyMtbXnOuNB2S5DxkXxG5Bk68sBdZBlmGZCJMUkv8LlGXmTLIUKGj374zmZAYKZBTnMdBI6vEXWpOfXdKZBESpPyM1egfl2TfFPsvCPAsctpg8ZCkex5XArrCDMP9r9aGBrAzHyFoQL7BUAstGZADrI2D3WUjTITbxzwdVUSbJzf&type=large\", \"email\": \"margaret_ffbrskm_mcdonaldberg@tfbnw.net\", \"birthday\": \"08/08/1980\", \"link\": \"https://www.facebook.com/app_scoped_user_id/1446602085609512/\", \"image_thumb\": \"https://graph.facebook.com/me/picture?access_token=CAAJBhTeiV3kBAFdD9hq9RFseQ9cbZBy8eXwfplxTsFgYAyMtbXnOuNB2S5DxkXxG5Bk68sBdZBlmGZCJMUkv8LlGXmTLIUKGj374zmZAYKZBTnMdBI6vEXWpOfXdKZBESpPyM1egfl2TfFPsvCPAsctpg8ZCkex5XArrCDMP9r9aGBrAzHyFoQL7BUAstGZADrI2D3WUjTITbxzwdVUSbJzf&type=large\", \"timezone\": 3, \"updated_time\": \"2014-07-21T18:12:52+0000\", \"id\": \"1446602085609512\"}",
      "facebook_open_graph": null
    }
  },
  {
    "pk": 5,
    "model": "django_facebook.facebookcustomuser",
    "fields": {
      "last_name": "Goldmanwitz",
      "image": "images/facebook_profiles/2014/12/13/fb_image_1485225501699773.jpg",
      "is_staff": false,
      "about_me": null,
      "user_permissions": [],
      "date_joined": "2014-12-13T12:17:44.150Z",
      "first_name": "Richard",
      "facebook_name": "Richard Goldmanwitz",
      "is_superuser": false,
      "state": null,
      "date_of_birth": "1980-08-08",
      "last_login": "2014-12-13T12:17:44.803Z",
      "facebook_id": 1485225501699773,
      "new_token_required": false,
      "email": "richard_aykjovp_goldmanwitz@tfbnw.net",
      "website_url": null,
      "username": "richard_aykjovp_goldmanwitz",
      "is_active": true,
      "facebook_profile_url": "https://www.facebook.com/app_scoped_user_id/1485225501699773/",
      "groups": [],
      "password": "pbkdf2_sha256$12000$K4ZER0dOUAGY$AVlmBWpNh4w1RLuSyds50N0c9Pzr6FtWVatlZiMUAh8=",
      "access_token": "CAAJBhTeiV3kBAJ5AtgtbIZBokwTUWeE6d7C2djWZBJERZCZBnBlc96ZAuucsdr61mGi9yLOUoZAGsFxKKdet5hXNT8Hy6Wpr6UJ8DKDwk4edhPu6yN3UQheZB8ZCA1a2SqfEuhgvKUZBRDhIZB0y8k5u0ama6qRQPC21xX8sPZC8ZAu0KdhLDOiILf15",
      "gender": "m",
      "blog_url": null,
      "raw_data": "{\"first_name\": \"Richard\", \"last_name\": \"Goldmanwitz\", \"verified\": false, \"name\": \"Richard Goldmanwitz\", \"locale\": \"en_US\", \"gender\": \"male\", \"image\": \"https://graph.facebook.com/me/picture?access_token=CAAJBhTeiV3kBAGQFQQ63QxZCRTZCJPk3awW5e7OcZAqR9QXs5cgYxZBoW7NZBPQeA2XImGU9M80zs6eyvdeJkzWda3Yt7tCCtCaCr8UcoIybFFtunzXUi8f7WSp2tdbEabms4wIyfqY3hZABTRUZB7Ww04zKPiW1z3ZBsJuXoiH0nJZCg77QPnOpf497UYRki8ilmHzHkrmHix6y8LzSr82h2&type=large\", \"email\": \"richard_aykjovp_goldmanwitz@tfbnw.net\", \"birthday\": \"08/08/1980\", \"link\": \"https://www.facebook.com/app_scoped_user_id/1485225501699773/\", \"image_thumb\": \"https://graph.facebook.com/me/picture?access_token=CAAJBhTeiV3kBAGQFQQ63QxZCRTZCJPk3awW5e7OcZAqR9QXs5cgYxZBoW7NZBPQeA2XImGU9M80zs6eyvdeJkzWda3Yt7tCCtCaCr8UcoIybFFtunzXUi8f7WSp2tdbEabms4wIyfqY3hZABTRUZB7Ww04zKPiW1z3ZBsJuXoiH0nJZCg77QPnOpf497UYRki8ilmHzHkrmHix6y8LzSr82h2&type=large\", \"timezone\": 0, \"updated_time\": \"2014-07-21T11:29:08+0000\", \"id\": \"1485225501699773\"}",
      "facebook_open_graph": null
    }
  },
  {
    "pk": 1,
    "model": "goals.useripaddress",
    "fields": {
      "ip": "127.0.0.1",
      "user": 1
    }
  },
  {
    "pk": 2,
    "model": "goals.useripaddress",
    "fields": {
      "ip": "127.0.0.1",
      "user": 2
    }
  },
  {
    "pk": 3,
    "model": "goals.useripaddress",
    "fields": {
      "ip": "127.0.0.1",
      "user": 3
    }
  },
  {
    "pk": 4,
    "model": "goals.useripaddress",
    "fields": {
      "ip": "127.0.0.1",
      "user": 4
    }
  },
  {
    "pk": 5,
    "model": "goals.useripaddress",
    "fields": {
      "ip": "127.0.0.1",
      "user": 5
    }
  },
  {
    "pk": 1,
    "model": "interests.interest",
    "fields": {
      "description": "test desc",
      "user": 2
    }
  },
  {
    "pk": 2,
    "model": "interests.interest",
    "fields": {
      "description": "reading",
      "user": 2
    }
  },
  {
    "pk": 3,
    "model": "interests.interest",
    "fields": {
      "description": "read",
      "user": 2
    }
  },
  {
    "pk": 4,
    "model": "interests.interest",
    "fields": {
      "description": "see",
      "user": 2
    }
  },
  {
    "pk": 5,
    "model": "interests.interest",
    "fields": {
      "description": "Python Organization",
      "user": 3
    }
  },
  {
    "pk": 6,
    "model": "interests.interest",
    "fields": {
      "description": "English",
      "user": 3
    }
  }
]