[
  {
    "pk": 1,
    "model": "goals.subject",
    "fields": {
      "description": "hire a cat sitter"
    }
  },
  {
    "pk": 2,
    "model": "goals.subject",
    "fields": {
      "description": "find a running partner"
    }
  },
  {
    "pk": 3,
    "model": "goals.subject",
    "fields": {
      "description": "learn python"
    }
  },
  {
    "pk": 4,
    "model": "goals.subject",
    "fields": {
      "description": "learn django"
    }
  },
  {
    "pk": 5,
    "model": "goals.subject",
    "fields": {
      "description": "learn ruby"
    }
  },
  {
    "pk": 6,
    "model": "goals.subject",
    "fields": {
      "description": "move sofa"
    }
  },
    {
        "pk": 7,
        "model": "goals.subject",
        "fields": {
            "description": "learn to play tennis"
        }
    },
    {
        "pk": 8,
        "model": "goals.subject",
        "fields": {
            "description": "move my 500 lb sofa"
        }
    },
    {
        "pk": 9,
        "model": "goals.subject",
        "fields": {
            "description": "cat sitter"
        }
    },
    {
        "pk": 10,
        "model": "goals.subject",
        "fields": {
            "description": "running partner"
        }
    },
    {
        "pk": 11,
        "model": "goals.subject",
        "fields": {
            "description": "python"
        }
    },
    {
        "pk": 12,
        "model": "goals.subject",
        "fields": {
            "description": "django"
        }
    },
    {
        "pk": 13,
        "model": "goals.subject",
        "fields": {
            "description": "ruby"
        }
    },
    {
        "pk": 14,
        "model": "goals.subject",
        "fields": {
            "description": "move our sofa"
        }
    },
    {
        "pk": 15,
        "model": "goals.subject",
        "fields": {
            "description": "play tennis"
        }
    },
    {
        "pk": 16,
        "model": "goals.subject",
        "fields": {
            "description": "move my sofa"
        }
    },
    {
        "pk": 1,
        "model": "django_facebook.facebookcustomuser",
        "fields": {
            "last_name": "Kindred",
            "image": "",
            "is_staff": true,
            "about_me": null,
            "user_permissions": [],
            "date_joined": "2014-06-22T13:06:28.445Z",
            "first_name": "Kindred",
            "facebook_name": null,
            "is_superuser": true,
            "state": null,
            "date_of_birth": "1979-06-21",
            "last_login": "2014-06-22T14:47:26.904Z",
            "facebook_id": null,
            "new_token_required": false,
            "email": "a@a.ua",
            "website_url": null,
            "username": "kindred",
            "is_active": true,
            "facebook_profile_url": null,
            "groups": [],
            "password": "pbkdf2_sha256$12000$lCjnuuUVGPGC$o91dLhpSX2kc77pa/Giw1l6vi8CGuNz7mmKUei/irOk=",
            "access_token": null,
            "gender": null,
            "blog_url": null,
            "raw_data": null,
            "facebook_open_graph": null
        }
    },
    {
        "pk": 2,
        "model": "django_facebook.facebookcustomuser",
        "fields": {
            "last_name": "Newton",
            "image": "",
            "is_staff": true,
            "about_me": null,
            "user_permissions": [],
            "date_joined": "2014-06-22T13:06:28.445Z",
            "first_name": "Isaac",
            "facebook_name": null,
            "is_superuser": true,
            "state": null,
            "date_of_birth": "1991-01-01",
            "last_login": "2014-06-22T14:47:26.904Z",
            "facebook_id": 100008382799410,
            "new_token_required": false,
            "email": "a@a.ua",
            "website_url": null,
            "username": "user_b",
            "is_active": true,
            "facebook_profile_url": null,
            "groups": [],
            "password": "pbkdf2_sha256$12000$lCjnuuUVGPGC$o91dLhpSX2kc77pa/Giw1l6vi8CGuNz7mmKUei/irOk=",
            "access_token": null,
            "gender": "m",
            "blog_url": null,
            "raw_data": null,
            "facebook_open_graph": null
        }
    },

    {
        "pk": 3,
        "model": "django_facebook.facebookcustomuser",
        "fields": {
            "last_name": "",
            "image": "",
            "is_staff": true,
            "about_me": null,
            "user_permissions": [],
            "date_joined": "2014-06-22T13:06:28.445Z",
            "first_name": "Galileo",
            "facebook_name": null,
            "is_superuser": true,
            "state": null,
            "date_of_birth": "1984-12-01",
            "last_login": "2014-06-22T14:47:26.904Z",
            "facebook_id": 100005492088289,
            "new_token_required": false,
            "email": "a@a.ua",
            "website_url": null,
            "username": "user_c",
            "is_active": true,
            "facebook_profile_url": null,
            "groups": [],
            "password": "pbkdf2_sha256$12000$lCjnuuUVGPGC$o91dLhpSX2kc77pa/Giw1l6vi8CGuNz7mmKUei/irOk=",
            "access_token": null,
            "gender": "m",
            "blog_url": null,
            "raw_data": null,
            "facebook_open_graph": null
        }
    },

    {
        "pk": 4,
        "model": "django_facebook.facebookcustomuser",
        "fields": {
            "last_name": "",
            "image": "",
            "is_staff": true,
            "about_me": null,
            "user_permissions": [],
            "date_joined": "2014-06-22T13:06:28.445Z",
            "first_name": "Charles",
            "facebook_name": null,
            "is_superuser": true,
            "state": null,
            "date_of_birth": "1996-10-02",
            "last_login": "2014-06-22T14:47:26.904Z",
            "facebook_id": 100004536048233,
            "new_token_required": false,
            "email": "a@a.ua",
            "website_url": null,
            "username": "user_d",
            "is_active": true,
            "facebook_profile_url": null,
            "groups": [],
            "password": "pbkdf2_sha256$12000$lCjnuuUVGPGC$o91dLhpSX2kc77pa/Giw1l6vi8CGuNz7mmKUei/irOk=",
            "access_token": null,
            "gender": "m",
            "blog_url": null,
            "raw_data": null,
            "facebook_open_graph": null
        }
    },

    {
        "pk": 5,
        "model": "django_facebook.facebookcustomuser",
        "fields": {
            "last_name": "",
            "image": "",
            "is_staff": true,
            "about_me": "I'm Django Developer!",
            "user_permissions": [],
            "date_joined": "2014-06-22T13:06:28.445Z",
            "first_name": "Albert",
            "facebook_name": null,
            "is_superuser": true,
            "state": null,
            "date_of_birth": "1993-05-05",
            "last_login": "2014-06-22T14:47:26.904Z",
            "facebook_id": null,
            "new_token_required": false,
            "email": "a@a.ua",
            "website_url": null,
            "username": "user_e",
            "is_active": true,
            "facebook_profile_url": null,
            "groups": [],
            "password": "pbkdf2_sha256$12000$lCjnuuUVGPGC$o91dLhpSX2kc77pa/Giw1l6vi8CGuNz7mmKUei/irOk=",
            "access_token": null,
            "gender": "m",
            "blog_url": null,
            "raw_data": null,
            "facebook_open_graph": null
        }
    },
    {
        "pk": 6,
        "model": "django_facebook.facebookcustomuser",
        "fields": {
            "last_name": "Soldatenko",
            "image": "images/facebook_profiles/2014/07/21/fb_image_784349768271537.jpg",
            "is_staff": false,
            "about_me": null,
            "user_permissions": [],
            "date_joined": "2014-07-21T05:12:49.387Z",
            "first_name": "Andrii",
            "facebook_name": "Andrii Soldatenko",
            "is_superuser": false,
            "state": null,
            "date_of_birth": "1989-05-20",
            "last_login": "2014-07-21T18:12:51.854Z",
            "facebook_id": 784349768271537,
            "new_token_required": false,
            "email": "andrii.soldatenko@gmail.com",
            "website_url": null,
            "username": "andrii_soldatenko",
            "is_active": true,
            "facebook_profile_url": "https://www.facebook.com/app_scoped_user_id/784349768271537/",
            "groups": [],
            "password": "pbkdf2_sha256$12000$FoVV3xBdIMjV$hMlsC2M9NFYyEeiEbCpa9F8cBds9WC2GbghZlPClQIE=",
            "access_token": "CAAJBhTeiV3kBAPGilMVrPecwleq3LJeshXnVTBOWlZAbcFb546luWP0T8RqGbbxkCUmmRZBqaxfYZC2c9h1bzqYA75bQI47QpkCbvvcrZAZB8ZCYYCdoq9yvMZCeVx0E39kxxeB6zTuVi3qRWAPjDBco0fWRRWDBU7wSG6ECtSTaThHJW0bS251jhwdWPEcLuUZD",
            "gender": "m",
            "blog_url": null,
            "raw_data": "{\"first_name\": \"Andrii\", \"last_name\": \"Soldatenko\", \"verified\": true, \"name\": \"Andrii Soldatenko\", \"locale\": \"en_US\", \"gender\": \"male\", \"image\": \"https://graph.facebook.com/me/picture?access_token=CAAJBhTeiV3kBAGL9zjTya0sByvW75EKio6CdhPMX03To9iSuKuAkkZBfxZA6taW5R95bLNL6LWaLdHB3RbRY8RaLZBpNt8BLKtGcd74tD3PYMMfpsk9YQ1pZBzgZAyT16wPRj6YHKXEeZCuZCMJuk4bdRG98HvaLyqhU6AbARNUXr8aGNQlDUuIX3fNeujYrpIh7omRhCrJ029sJLCcTAoD&type=large\", \"email\": \"soldatenko.andrey@gmail.com\", \"languages\": [{\"id\": \"106059522759137\", \"name\": \"English\"}, {\"id\": \"112624162082677\", \"name\": \"Russian\"}, {\"id\": \"115447225136484\", \"name\": \"\\u0423\\u043a\\u0440\\u0430\\u0457\\u043d\\u0441\\u044c\\u043a\\u0430\"}], \"birthday\": \"05/20/1989\", \"link\": \"https://www.facebook.com/app_scoped_user_id/784349768271537/\", \"image_thumb\": \"https://graph.facebook.com/me/picture?access_token=CAAJBhTeiV3kBAGL9zjTya0sByvW75EKio6CdhPMX03To9iSuKuAkkZBfxZA6taW5R95bLNL6LWaLdHB3RbRY8RaLZBpNt8BLKtGcd74tD3PYMMfpsk9YQ1pZBzgZAyT16wPRj6YHKXEeZCuZCMJuk4bdRG98HvaLyqhU6AbARNUXr8aGNQlDUuIX3fNeujYrpIh7omRhCrJ029sJLCcTAoD&type=large\", \"timezone\": 3, \"updated_time\": \"2014-06-28T12:22:20+0000\", \"interested_in\": [\"female\"], \"id\": \"784349768271537\"}",
            "facebook_open_graph": null
        }
    },
    {
        "pk": 7,
        "model": "django_facebook.facebookcustomuser",
        "fields": {
            "last_name": "Wongberg",
            "image": "images/facebook_profiles/2014/07/21/fb_image_242317672645527.jpg",
            "is_staff": false,
            "about_me": null,
            "user_permissions": [],
            "date_joined": "2014-07-21T18:00:00.019Z",
            "first_name": "Mike",
            "facebook_name": "Mike Wongberg",
            "is_superuser": false,
            "state": null,
            "date_of_birth": "1980-08-08",
            "last_login": "2014-07-21T20:37:36.605Z",
            "facebook_id": 242317672645527,
            "new_token_required": false,
            "email": "mike_hkssvmg_wongberg@tfbnw.net",
            "website_url": null,
            "username": "mike_hkssvmg_wongberg",
            "is_active": true,
            "facebook_profile_url": "https://www.facebook.com/app_scoped_user_id/242317672645527/",
            "groups": [],
            "password": "pbkdf2_sha256$12000$9m5IdpN30axA$jcU98P/Dmpv1fI6dcKmy8nOlOCbD82GtBeRby5tHAnw=",
            "access_token": "CAAJBhTeiV3kBAF7Hb08zZAHJCD43pZB8ScW8zrioxml8vLmbwo2FPTj5MoEjD4Rv6602ZBUPurZCtUJFZCZAI4uouDQuwCyL0HUZC5fGrgYQ9xLk8tkbrDDSLUBaWmQJzvoKKMwYpB23zW98flocQCRK2SaQgZADSSIhcncT69wK7gIUB3ZCoZAX9x3cPs4oW9E8EZD",
            "gender": "m",
            "blog_url": null,
            "raw_data": "{\"first_name\": \"Mike\", \"last_name\": \"Wongberg\", \"verified\": false, \"name\": \"Mike Wongberg\", \"locale\": \"en_US\", \"gender\": \"male\", \"image\": \"https://graph.facebook.com/me/picture?access_token=CAAJBhTeiV3kBAP9RbvPa4E3X9ZCBHWGGCCSQxEmiTglUopb9Q4HPWWx7NZB73nX8j6hw0tBqKbL3ZCwMm9G0CZBigMbqBwSZCZAogx0t7FzlBebpb6BjMLeIzsFHX7ZBJZBYFITGCq0ZC16mLgi8mrGLYZBnWvjijWNhgNnx2DpVisxjGmqrkxlLycA0eeVZAggyTeKlMO17RNJyJwkDtSgNm3U&type=large\", \"email\": \"mike_hkssvmg_wongberg@tfbnw.net\", \"birthday\": \"08/08/1980\", \"link\": \"https://www.facebook.com/app_scoped_user_id/242317672645527/\", \"image_thumb\": \"https://graph.facebook.com/me/picture?access_token=CAAJBhTeiV3kBAP9RbvPa4E3X9ZCBHWGGCCSQxEmiTglUopb9Q4HPWWx7NZB73nX8j6hw0tBqKbL3ZCwMm9G0CZBigMbqBwSZCZAogx0t7FzlBebpb6BjMLeIzsFHX7ZBJZBYFITGCq0ZC16mLgi8mrGLYZBnWvjijWNhgNnx2DpVisxjGmqrkxlLycA0eeVZAggyTeKlMO17RNJyJwkDtSgNm3U&type=large\", \"timezone\": 3, \"updated_time\": \"2014-07-21T17:34:44+0000\", \"id\": \"242317672645527\"}",
            "facebook_open_graph": null
        }
    },
    {
        "pk": 8,
        "model": "django_facebook.facebookcustomuser",
        "fields": {
            "last_name": "User",
            "image": "images/facebook_profiles/2014/07/21/fb_image_251395135053800.jpg",
            "is_staff": false,
            "about_me": null,
            "user_permissions": [],
            "date_joined": "2014-07-21T18:07:35.686Z",
            "first_name": "Open",
            "facebook_name": "Open Graph Test User",
            "is_superuser": false,
            "state": null,
            "date_of_birth": "1980-08-08",
            "last_login": "2014-07-21T18:07:51.761Z",
            "facebook_id": 251395135053800,
            "new_token_required": false,
            "email": "open_jkfuwot_user@tfbnw.net",
            "website_url": null,
            "username": "open_jkfuwot_user",
            "is_active": true,
            "facebook_profile_url": "https://www.facebook.com/app_scoped_user_id/251395135053800/",
            "groups": [],
            "password": "pbkdf2_sha256$12000$Cin9kLBqVoxy$NZJJQi4uX+fP7JQ8LsPINxXETBasA4pMhyiavPlmHqY=",
            "access_token": "CAAJBhTeiV3kBAIssYqyvZCj6OtosE7VpLJqkWIuqXxTAjBZBRDMD5RpNUouKf6GUhbq6qvWhdkKqDryeZAU9zeATLL8nzJyrtN32gKEbcgOvsiTfpSyO4nHImdmzBXRz8rZCRMCxdQJnuIRhVk5ZBXZCfgsCg3q4zm5NkVMhEetChzG4cZCzvoA",
            "gender": "f",
            "blog_url": null,
            "raw_data": "{\"first_name\": \"Open\", \"last_name\": \"User\", \"middle_name\": \"Graph Test\", \"name\": \"Open Graph Test User\", \"locale\": \"en_US\", \"gender\": \"female\", \"image\": \"https://graph.facebook.com/me/picture?access_token=CAAJBhTeiV3kBAE1NaqrZCdDy9yyjFiVKRQIVd1ZAjG1ZAKyCadcJxFIn3dAt8v2EwLOu6IwLmpA2KditQRHjtKBlcP1SOLjdS0R4F9kgQuJJCg3aqFieCG9BfSvXmjJYUPMkhaBZAaVpwpTkWXxBrDZB6LCDekBZAelq2Y4h2aECmTPF4S220vqZBG8W0rU9Q8VZBTDhVzaMArulFJZCtYBdL&type=large\", \"verified\": false, \"email\": \"open_jkfuwot_user@tfbnw.net\", \"birthday\": \"08/08/1980\", \"link\": \"https://www.facebook.com/app_scoped_user_id/251395135053800/\", \"image_thumb\": \"https://graph.facebook.com/me/picture?access_token=CAAJBhTeiV3kBAE1NaqrZCdDy9yyjFiVKRQIVd1ZAjG1ZAKyCadcJxFIn3dAt8v2EwLOu6IwLmpA2KditQRHjtKBlcP1SOLjdS0R4F9kgQuJJCg3aqFieCG9BfSvXmjJYUPMkhaBZAaVpwpTkWXxBrDZB6LCDekBZAelq2Y4h2aECmTPF4S220vqZBG8W0rU9Q8VZBTDhVzaMArulFJZCtYBdL&type=large\", \"timezone\": 3, \"updated_time\": \"2014-07-21T17:34:16+0000\", \"id\": \"251395135053800\"}",
            "facebook_open_graph": null
        }
    },
    {
        "pk": 9,
        "model": "django_facebook.facebookcustomuser",
        "fields": {
            "last_name": "McDonaldberg",
            "image": "images/facebook_profiles/2014/07/21/fb_image_1446602085609512.jpg",
            "is_staff": false,
            "about_me": null,
            "user_permissions": [],
            "date_joined": "2014-07-21T18:13:52.366Z",
            "first_name": "Margaret",
            "facebook_name": "Margaret McDonaldberg",
            "is_superuser": false,
            "state": null,
            "date_of_birth": "1980-08-08",
            "last_login": "2014-07-21T19:20:06.072Z",
            "facebook_id": 1446602085609512,
            "new_token_required": false,
            "email": "margaret_ffbrskm_mcdonaldberg@tfbnw.net",
            "website_url": null,
            "username": "margaret_ffbrskm_mcdonaldberg",
            "is_active": true,
            "facebook_profile_url": "https://www.facebook.com/app_scoped_user_id/1446602085609512/",
            "groups": [],
            "password": "pbkdf2_sha256$12000$PQAMBhrDYHFs$N4ThUS9K5txAI3hjxhLE3/ozIsfOBlF1iJmAQ05LYbk=",
            "access_token": "CAAJBhTeiV3kBAG7ymiR9ZCaiR2eLfT2ZCOPbZCHEq6QB7gbGm1P85CJmpHtjnyMGhNlpaWEbgp1ZCv9jI4ZAVoG8pLqqPy3PKWnLtQGYEJZAJEyjgsXStjuoVM0O7ZAAqwk5St2jNpGqPCIZCHRWGqjPeqRlsBeZBZCzZAYcXu0k8XYmZBYyDQmae8QR",
            "gender": "f",
            "blog_url": null,
            "raw_data": "{\"first_name\": \"Margaret\", \"last_name\": \"McDonaldberg\", \"verified\": false, \"name\": \"Margaret McDonaldberg\", \"locale\": \"en_US\", \"gender\": \"female\", \"image\": \"https://graph.facebook.com/me/picture?access_token=CAAJBhTeiV3kBAKAMtYjQvpfdBNEOES90lWwrIMIcTnoCrYdQEv7dtZA3PvXAuQC7fHFM5d8VCqzDJyW0unFUYsLLSjgNGU14wmP28hhU6hodAKSpPhcul9E4sMpIiAiqPZBm8vTRlwVZCMQ2EOkxJ4EyYv17HywHZAgZAZB1Y526XhlPlUASVUvzu1GUHZA9E7hZCdE2A9X8Q04DjzYUDMp8&type=large\", \"email\": \"margaret_ffbrskm_mcdonaldberg@tfbnw.net\", \"birthday\": \"08/08/1980\", \"link\": \"https://www.facebook.com/app_scoped_user_id/1446602085609512/\", \"image_thumb\": \"https://graph.facebook.com/me/picture?access_token=CAAJBhTeiV3kBAKAMtYjQvpfdBNEOES90lWwrIMIcTnoCrYdQEv7dtZA3PvXAuQC7fHFM5d8VCqzDJyW0unFUYsLLSjgNGU14wmP28hhU6hodAKSpPhcul9E4sMpIiAiqPZBm8vTRlwVZCMQ2EOkxJ4EyYv17HywHZAgZAZB1Y526XhlPlUASVUvzu1GUHZA9E7hZCdE2A9X8Q04DjzYUDMp8&type=large\", \"timezone\": 0, \"updated_time\": \"2014-07-21T18:12:52+0000\", \"id\": \"1446602085609512\"}",
            "facebook_open_graph": null
        }
    },
    {
        "pk": 10,
        "model": "django_facebook.facebookcustomuser",
        "fields": {
            "last_name": "Faraday",
            "image": "",
            "is_staff": true,
            "about_me": null,
            "user_permissions": [],
            "date_joined": "2014-06-22T13:06:28.445Z",
            "first_name": "Michael",
            "facebook_name": null,
            "is_superuser": true,
            "state": null,
            "date_of_birth": "1979-06-21",
            "last_login": "2014-06-22T14:47:26.904Z",
            "facebook_id": 100004428138305,
            "new_token_required": false,
            "email": "a@a.ua",
            "website_url": null,
            "username": "user_a",
            "is_active": true,
            "facebook_profile_url": null,
            "groups": [],
            "password": "pbkdf2_sha256$12000$lCjnuuUVGPGC$o91dLhpSX2kc77pa/Giw1l6vi8CGuNz7mmKUei/irOk=",
            "access_token": null,
            "gender": "m",
            "blog_url": null,
            "raw_data": null,
            "facebook_open_graph": null
        }
    },
    {
    "pk": 1,
    "model": "goals.goal",
    "fields": {
      "user": 10,
      "goal": 1
    }
  },
  {
    "pk": 2,
    "model": "goals.goal",
    "fields": {
      "user": 10,
      "goal": 2
    }
  },
  {
    "pk": 3,
    "model": "goals.goal",
    "fields": {
      "user": 2,
      "goal": 3
    }
  },
  {
    "pk": 4,
    "model": "goals.goal",
    "fields": {
      "user": 2,
      "goal": 4
    }
  },
  {
    "pk": 5,
    "model": "goals.goal",
    "fields": {
      "user": 3,
      "goal": 5
    }
  },
  {
    "pk": 6,
    "model": "goals.goal",
    "fields": {
      "user": 3,
      "goal": 4
    }
  },
    {
        "pk": 7,
        "model": "goals.goal",
        "fields": {
            "user": 4,
            "goal": 1
        }
    },
    {
        "pk": 8,
        "model": "goals.goal",
        "fields": {
            "user": 4,
            "goal": 2
        }
    },
    {
        "pk": 9,
        "model": "goals.goal",
        "fields": {
            "user": 10,
            "goal": 9
        }
    },
    {
        "pk": 10,
        "model": "goals.goal",
        "fields": {
            "user": 10,
            "goal": 10
        }
    },
    {
        "pk": 11,
        "model": "goals.goal",
        "fields": {
            "user": 2,
            "goal": 11
        }
    },
    {
        "pk": 12,
        "model": "goals.goal",
        "fields": {
            "user": 2,
            "goal": 12
        }
    },
    {
        "pk": 13,
        "model": "goals.goal",
        "fields": {
            "user": 3,
            "goal": 1
        }
    },
    {
        "pk": 14,
        "model": "goals.goal",
        "fields": {
            "user": 3,
            "goal": 12
        }
    },
    {
        "pk": 15,
        "model": "goals.goal",
        "fields": {
            "user": 4,
            "goal": 9
        }
    },
    {
        "pk": 16,
        "model": "goals.goal",
        "fields": {
            "user": 4,
            "goal": 10
        }
    },
  {
    "pk": 1,
    "model": "goals.offer",
    "fields": {
      "user": 10,
      "offer": 3
    }
  },
  {
    "pk": 2,
    "model": "goals.offer",
    "fields": {
      "user": 10,
      "offer": 4
    }
  },
  {
    "pk": 3,
    "model": "goals.offer",
    "fields": {
      "user": 2,
      "offer": 1
    }
  },
  {
    "pk": 4,
    "model": "goals.offer",
    "fields": {
      "user": 2,
      "offer": 2
    }
  },
  {
    "pk": 5,
    "model": "goals.offer",
    "fields": {
      "user": 3,
      "offer": 1
    }
  },
  {
    "pk": 6,
    "model": "goals.offer",
    "fields": {
      "user": 3,
      "offer": 6
    }
  },
    {
        "pk": 7,
        "model": "goals.offer",
        "fields": {
            "user": 4,
            "offer": 3
        }
    },
    {
        "pk": 8,
        "model": "goals.offer",
        "fields": {
            "user": 4,
            "offer": 4
        }
    },
    {
        "pk": 9,
        "model": "goals.offer",
        "fields": {
            "user": 10,
            "offer": 11
        }
    },
    {
        "pk": 10,
        "model": "goals.offer",
        "fields": {
            "user": 10,
            "offer": 12
        }
    },
    {
        "pk": 11,
        "model": "goals.offer",
        "fields": {
            "user": 2,
            "offer": 9
        }
    },
    {
        "pk": 12,
        "model": "goals.offer",
        "fields": {
            "user": 2,
            "offer": 10
        }
    },
    {
        "pk": 13,
        "model": "goals.offer",
        "fields": {
            "user": 3,
            "offer": 9
        }
    },
    {
        "pk": 14,
        "model": "goals.offer",
        "fields": {
            "user": 3,
            "offer": 14
        }
    },
    {
        "pk": 15,
        "model": "goals.offer",
        "fields": {
            "user": 4,
            "offer": 11
        }
    },
    {
        "pk": 16,
        "model": "goals.offer",
        "fields": {
            "user": 4,
            "offer": 12
        }
    },
    {
        "pk": 1,
        "model": "django_facebook.facebooklike",
        "fields": {
            "category": "Computers/technology",
            "created_time": "2014-03-14T13:47:17Z",
            "user_id": 10,
            "name": "Facebook Engineering",
            "facebook_id": 9445547199
        }
    },
    {
        "pk": 2,
        "model": "django_facebook.facebooklike",
        "fields": {
            "category": "Education website",
            "created_time": "2014-06-24T15:29:36Z",
            "user_id": 10,
            "name": "Teaching English – British Council",
            "facebook_id": 117741954907367
        }
    },
    {
        "pk": 3,
        "model": "django_facebook.facebooklike",
        "fields": {
            "category": "Computers/technology",
            "created_time": "2014-03-14T13:47:17Z",
            "user_id": 2,
            "name": "Facebook Engineering",
            "facebook_id": 9445547199
        }
    },
    {
        "pk": 4,
        "model": "django_facebook.facebooklike",
        "fields": {
            "category": "Website",
            "created_time": "2014-06-24T15:29:18Z",
            "user_id": 2,
            "name": "BBC Learning English",
            "facebook_id": 143048895744759
        }
    },
    {
        "pk": 5,
        "model": "django_facebook.facebooklike",
        "fields": {
            "category": "Computers/technology",
            "created_time": "2014-03-14T13:47:17Z",
            "user_id": 3,
            "name": "Learning",
            "facebook_id": 9445547199
        }
    },
    {
        "pk": 6,
        "model": "django_facebook.facebooklike",
        "fields": {
            "category": "Website",
            "created_time": "2014-06-24T15:29:18Z",
            "user_id": 3,
            "name": "Programming",
            "facebook_id": 143048895744759
        }
    },
    {
        "pk": 1,
        "model": "django_facebook.facebookuser",
        "fields": {
            "gender": "F",
            "user_id": 7,
            "name": "Carol Petrov",
            "facebook_id": 1426387544317325
        }
    },
    {
        "pk": 2,
        "model": "django_facebook.facebookuser",
        "fields": {
            "gender": "F",
            "user_id": 9,
            "name": "Carol Petrov",
            "facebook_id": 1426387544317325
        }
    },
    {
        "pk": 3,
        "model": "django_facebook.facebookuser",
        "fields": {
            "gender": "M",
            "user_id": 10,
            "name": "Mike Wongberg",
            "facebook_id": 242317672645527
        }
    },
    {
        "pk": 4,
        "model": "django_facebook.facebookuser",
        "fields": {
            "gender": "F",
            "user_id": 10,
            "name": "Margaret McDonaldberg",
            "facebook_id": 1446602085609512
        }
    },
    {
        "pk": 1,
        "model": "goals.useripaddress",
        "fields": {
            "ip": "178.151.61.116",
            "user": 10
        }
    },
    {
        "pk": 2,
        "model": "goals.useripaddress",
        "fields": {
            "ip": "50.87.1.18",
            "user": 2
        }
    },
    {
        "pk": 3,
        "model": "goals.useripaddress",
        "fields": {
            "ip": "109.202.119.35",
            "user": 3
        }
    },
    {
        "pk": 4,
        "model": "goals.useripaddress",
        "fields": {
            "ip": "230.122.125.37",
            "user": 4
        }
    },
    {
        "pk": 5,
        "model": "goals.useripaddress",
        "fields": {
            "ip": "141.179.171.227",
            "user": 5
        }
    }
]